batch_id,subreddit,window_start,window_end,year_week,synthetic_prevalence,h2h_ratio
Advice__20251006__20251228__weekbalanced,Advice,20251006,20251228,2025-W40,0.26634350254808414,0.9166666666666666
Advice__20251006__20251228__weekbalanced,Advice,20251006,20251228,2025-W41,0.25410162461149516,0.8055555555555556
Advice__20251006__20251228__weekbalanced,Advice,20251006,20251228,2025-W42,0.30562570195093547,0.8695652173913043
Advice__20251006__20251228__weekbalanced,Advice,20251006,20251228,2025-W43,0.25699967635856763,0.7352941176470589
Advice__20251006__20251228__weekbalanced,Advice,20251006,20251228,2025-W44,0.30139181272476606,0.625
Advice__20251006__20251228__weekbalanced,Advice,20251006,20251228,2025-W45,0.2507250548269513,0.8461538461538461
Advice__20251006__20251228__weekbalanced,Advice,20251006,20251228,2025-W46,0.25976824969121304,0.8923076923076924
Advice__20251006__20251228__weekbalanced,Advice,20251006,20251228,2025-W47,0.2940312518652827,0.88
Advice__20251006__20251228__weekbalanced,Advice,20251006,20251228,2025-W48,0.22787055704846076,0.86
Advice__20251006__20251228__weekbalanced,Advice,20251006,20251228,2025-W49,0.26408093326152693,0.8235294117647058
Advice__20251006__20251228__weekbalanced,Advice,20251006,20251228,2025-W50,0.27015763007975724,0.86
Advice__20251006__20251228__weekbalanced,Advice,20251006,20251228,2025-W51,0.31514829905189173,0.6557377049180327
AskDocs__20251006__20251228__weekbalanced,AskDocs,20251006,20251228,2025-W40,0.33656186503652546,0.5714285714285714
AskDocs__20251006__20251228__weekbalanced,AskDocs,20251006,20251228,2025-W41,0.28037351920249165,0.8024691358024691
AskDocs__20251006__20251228__weekbalanced,AskDocs,20251006,20251228,2025-W42,0.3393537022619629,0.5909090909090909
AskDocs__20251006__20251228__weekbalanced,AskDocs,20251006,20251228,2025-W43,0.33546985751875447,0.6385542168674698
AskDocs__20251006__20251228__weekbalanced,AskDocs,20251006,20251228,2025-W44,0.3617034792408398,0.5517241379310345
AskDocs__20251006__20251228__weekbalanced,AskDocs,20251006,20251228,2025-W45,0.3023388800731758,0.6956521739130435
AskDocs__20251006__20251228__weekbalanced,AskDocs,20251006,20251228,2025-W46,0.34341037304095473,0.6666666666666666
AskDocs__20251006__20251228__weekbalanced,AskDocs,20251006,20251228,2025-W47,0.3293169414093267,0.5238095238095238
AskDocs__20251006__20251228__weekbalanced,AskDocs,20251006,20251228,2025-W48,0.3107739781285684,0.48214285714285715
AskDocs__20251006__20251228__weekbalanced,AskDocs,20251006,20251228,2025-W49,0.30083209231156394,0.6666666666666666
AskDocs__20251006__20251228__weekbalanced,AskDocs,20251006,20251228,2025-W50,0.28604645348915353,0.7032967032967034
AskDocs__20251006__20251228__weekbalanced,AskDocs,20251006,20251228,2025-W51,0.3632629994924619,0.4605263157894737
askscience__20251006__20251228__weekbalanced,askscience,20251006,20251228,2025-W40,0.29249288599152473,0.5833333333333334
askscience__20251006__20251228__weekbalanced,askscience,20251006,20251228,2025-W41,0.38146784081570345,0.5701754385964912
askscience__20251006__20251228__weekbalanced,askscience,20251006,20251228,2025-W42,0.4428102992227278,0.6016260162601627
askscience__20251006__20251228__weekbalanced,askscience,20251006,20251228,2025-W43,0.42490532613090515,0.4860335195530726
askscience__20251006__20251228__weekbalanced,askscience,20251006,20251228,2025-W44,0.3774649558144298,0.6104651162790697
askscience__20251006__20251228__weekbalanced,askscience,20251006,20251228,2025-W45,0.4452801407238627,0.44966442953020136
askscience__20251006__20251228__weekbalanced,askscience,20251006,20251228,2025-W46,0.4028071247347494,0.5364238410596026
askscience__20251006__20251228__weekbalanced,askscience,20251006,20251228,2025-W47,0.38370310620038106,0.5960264900662252
askscience__20251006__20251228__weekbalanced,askscience,20251006,20251228,2025-W48,0.42129448997249597,0.4624277456647399
askscience__20251006__20251228__weekbalanced,askscience,20251006,20251228,2025-W49,0.4541959901919513,0.3103448275862069
askscience__20251006__20251228__weekbalanced,askscience,20251006,20251228,2025-W50,0.4182918957454686,0.45454545454545453
askscience__20251006__20251228__weekbalanced,askscience,20251006,20251228,2025-W51,0.4286414501012314,0.5980392156862745
todayilearned__20251006__20251228__weekbalanced,todayilearned,20251006,20251228,2025-W40,0.13198691457357362,0.8571428571428571
todayilearned__20251006__20251228__weekbalanced,todayilearned,20251006,20251228,2025-W41,0.11912366659294057,0.8947368421052632
todayilearned__20251006__20251228__weekbalanced,todayilearned,20251006,20251228,2025-W42,0.10956074691361242,1.0
todayilearned__20251006__20251228__weekbalanced,todayilearned,20251006,20251228,2025-W43,0.13294131863831998,1.0
todayilearned__20251006__20251228__weekbalanced,todayilearned,20251006,20251228,2025-W44,0.1496496687811184,0.8636363636363636
todayilearned__20251006__20251228__weekbalanced,todayilearned,20251006,20251228,2025-W45,0.08026545835461267,1.0
todayilearned__20251006__20251228__weekbalanced,todayilearned,20251006,20251228,2025-W46,0.1142411498898826,1.0
todayilearned__20251006__20251228__weekbalanced,todayilearned,20251006,20251228,2025-W47,0.13582153312094883,1.0
todayilearned__20251006__20251228__weekbalanced,todayilearned,20251006,20251228,2025-W48,0.10863504731305637,1.0
todayilearned__20251006__20251228__weekbalanced,todayilearned,20251006,20251228,2025-W49,0.11631974119159146,1.0
todayilearned__20251006__20251228__weekbalanced,todayilearned,20251006,20251228,2025-W50,0.14657119261624987,1.0
todayilearned__20251006__20251228__weekbalanced,todayilearned,20251006,20251228,2025-W51,0.09984659373491926,1.0
