collection_week_label,raw_comments,clean_before_templates,excluded_mod_sys,removed_templates,removed_meta_thread_comments,final_clean_comments,batch_id,subreddit,window_start,window_end,tag
W01_2025-10-06_to_2025-10-12,300,293,7,0.0,0.0,202,Advice__20251006__20251228__weekbalanced,Advice,20251006,20251228,weekbalanced
W02_2025-10-13_to_2025-10-19,300,296,4,0.0,0.0,206,Advice__20251006__20251228__weekbalanced,Advice,20251006,20251228,weekbalanced
W03_2025-10-20_to_2025-10-26,300,290,10,0.0,0.0,183,Advice__20251006__20251228__weekbalanced,Advice,20251006,20251228,weekbalanced
W04_2025-10-27_to_2025-11-02,300,291,9,0.0,0.0,222,Advice__20251006__20251228__weekbalanced,Advice,20251006,20251228,weekbalanced
W05_2025-11-03_to_2025-11-09,300,289,11,0.0,0.0,208,Advice__20251006__20251228__weekbalanced,Advice,20251006,20251228,weekbalanced
W06_2025-11-10_to_2025-11-16,300,293,7,0.0,0.0,199,Advice__20251006__20251228__weekbalanced,Advice,20251006,20251228,weekbalanced
W07_2025-11-17_to_2025-11-23,300,290,10,0.0,0.0,235,Advice__20251006__20251228__weekbalanced,Advice,20251006,20251228,weekbalanced
W08_2025-11-24_to_2025-11-30,300,292,8,1.0,0.0,205,Advice__20251006__20251228__weekbalanced,Advice,20251006,20251228,weekbalanced
W09_2025-12-01_to_2025-12-07,300,290,10,0.0,0.0,193,Advice__20251006__20251228__weekbalanced,Advice,20251006,20251228,weekbalanced
W10_2025-12-08_to_2025-12-14,300,297,3,0.0,0.0,206,Advice__20251006__20251228__weekbalanced,Advice,20251006,20251228,weekbalanced
W11_2025-12-15_to_2025-12-21,300,295,5,0.0,0.0,210,Advice__20251006__20251228__weekbalanced,Advice,20251006,20251228,weekbalanced
W12_2025-12-22_to_2025-12-28,300,291,9,0.0,0.0,229,Advice__20251006__20251228__weekbalanced,Advice,20251006,20251228,weekbalanced
W01_2025-10-06_to_2025-10-12,500,251,249,1.0,0.0,127,AskDocs__20251006__20251228__weekbalanced,AskDocs,20251006,20251228,weekbalanced
W02_2025-10-13_to_2025-10-19,500,290,210,0.0,0.0,169,AskDocs__20251006__20251228__weekbalanced,AskDocs,20251006,20251228,weekbalanced
W03_2025-10-20_to_2025-10-26,600,289,311,0.0,1.0,94,AskDocs__20251006__20251228__weekbalanced,AskDocs,20251006,20251228,weekbalanced
W04_2025-10-27_to_2025-11-02,600,276,324,1.0,1.0,143,AskDocs__20251006__20251228__weekbalanced,AskDocs,20251006,20251228,weekbalanced
W05_2025-11-03_to_2025-11-09,400,256,144,0.0,1.0,127,AskDocs__20251006__20251228__weekbalanced,AskDocs,20251006,20251228,weekbalanced
W06_2025-11-10_to_2025-11-16,500,267,233,0.0,3.0,155,AskDocs__20251006__20251228__weekbalanced,AskDocs,20251006,20251228,weekbalanced
W07_2025-11-17_to_2025-11-23,500,269,231,0.0,3.0,68,AskDocs__20251006__20251228__weekbalanced,AskDocs,20251006,20251228,weekbalanced
W08_2025-11-24_to_2025-11-30,500,256,244,1.0,2.0,159,AskDocs__20251006__20251228__weekbalanced,AskDocs,20251006,20251228,weekbalanced
W09_2025-12-01_to_2025-12-07,500,277,223,0.0,2.0,113,AskDocs__20251006__20251228__weekbalanced,AskDocs,20251006,20251228,weekbalanced
W10_2025-12-08_to_2025-12-14,400,281,119,0.0,0.0,110,AskDocs__20251006__20251228__weekbalanced,AskDocs,20251006,20251228,weekbalanced
W11_2025-12-15_to_2025-12-21,500,268,232,0.0,24.0,161,AskDocs__20251006__20251228__weekbalanced,AskDocs,20251006,20251228,weekbalanced
W12_2025-12-22_to_2025-12-28,600,286,314,0.0,5.0,146,AskDocs__20251006__20251228__weekbalanced,AskDocs,20251006,20251228,weekbalanced
W01_2025-10-06_to_2025-10-12,500,250,250,2.0,,203,askscience__20251006__20251228__weekbalanced,askscience,20251006,20251228,weekbalanced
W02_2025-10-13_to_2025-10-19,500,263,237,0.0,,180,askscience__20251006__20251228__weekbalanced,askscience,20251006,20251228,weekbalanced
W03_2025-10-20_to_2025-10-26,600,288,312,0.0,,206,askscience__20251006__20251228__weekbalanced,askscience,20251006,20251228,weekbalanced
W04_2025-10-27_to_2025-11-02,500,291,209,0.0,,240,askscience__20251006__20251228__weekbalanced,askscience,20251006,20251228,weekbalanced
W05_2025-11-03_to_2025-11-09,600,302,298,0.0,,252,askscience__20251006__20251228__weekbalanced,askscience,20251006,20251228,weekbalanced
W06_2025-11-10_to_2025-11-16,500,262,238,0.0,,236,askscience__20251006__20251228__weekbalanced,askscience,20251006,20251228,weekbalanced
W07_2025-11-17_to_2025-11-23,500,264,236,0.0,,222,askscience__20251006__20251228__weekbalanced,askscience,20251006,20251228,weekbalanced
W08_2025-11-24_to_2025-11-30,500,271,229,0.0,,222,askscience__20251006__20251228__weekbalanced,askscience,20251006,20251228,weekbalanced
W09_2025-12-01_to_2025-12-07,700,261,439,0.0,,225,askscience__20251006__20251228__weekbalanced,askscience,20251006,20251228,weekbalanced
W10_2025-12-08_to_2025-12-14,700,266,434,0.0,,149,askscience__20251006__20251228__weekbalanced,askscience,20251006,20251228,weekbalanced
W11_2025-12-15_to_2025-12-21,500,308,192,0.0,,246,askscience__20251006__20251228__weekbalanced,askscience,20251006,20251228,weekbalanced
W12_2025-12-22_to_2025-12-28,500,287,213,0.0,,160,askscience__20251006__20251228__weekbalanced,askscience,20251006,20251228,weekbalanced
W01_2025-10-06_to_2025-10-12,300,291,9,0.0,0.0,64,todayilearned__20251006__20251228__weekbalanced,todayilearned,20251006,20251228,weekbalanced
W02_2025-10-13_to_2025-10-19,300,294,6,0.0,0.0,87,todayilearned__20251006__20251228__weekbalanced,todayilearned,20251006,20251228,weekbalanced
W03_2025-10-20_to_2025-10-26,300,294,6,0.0,0.0,80,todayilearned__20251006__20251228__weekbalanced,todayilearned,20251006,20251228,weekbalanced
W04_2025-10-27_to_2025-11-02,300,285,15,0.0,3.0,70,todayilearned__20251006__20251228__weekbalanced,todayilearned,20251006,20251228,weekbalanced
W05_2025-11-03_to_2025-11-09,300,288,12,0.0,0.0,89,todayilearned__20251006__20251228__weekbalanced,todayilearned,20251006,20251228,weekbalanced
W06_2025-11-10_to_2025-11-16,300,297,3,1.0,0.0,97,todayilearned__20251006__20251228__weekbalanced,todayilearned,20251006,20251228,weekbalanced
W07_2025-11-17_to_2025-11-23,300,287,13,0.0,0.0,88,todayilearned__20251006__20251228__weekbalanced,todayilearned,20251006,20251228,weekbalanced
W08_2025-11-24_to_2025-11-30,300,292,8,0.0,0.0,55,todayilearned__20251006__20251228__weekbalanced,todayilearned,20251006,20251228,weekbalanced
W09_2025-12-01_to_2025-12-07,300,287,13,0.0,0.0,112,todayilearned__20251006__20251228__weekbalanced,todayilearned,20251006,20251228,weekbalanced
W10_2025-12-08_to_2025-12-14,300,282,18,0.0,0.0,66,todayilearned__20251006__20251228__weekbalanced,todayilearned,20251006,20251228,weekbalanced
W11_2025-12-15_to_2025-12-21,300,288,12,0.0,0.0,92,todayilearned__20251006__20251228__weekbalanced,todayilearned,20251006,20251228,weekbalanced
W12_2025-12-22_to_2025-12-28,300,293,7,0.0,0.0,95,todayilearned__20251006__20251228__weekbalanced,todayilearned,20251006,20251228,weekbalanced
